{"sub01": {"maxacc1": 0.7469135802469136, "argmaxacc1": 7, "maxacc2": 7, "argmaxacc2": 4, "videonum": 9}, "sub02": {"maxacc1": 0.512014787430684, "argmaxacc1": 2, "maxacc2": 8, "argmaxacc2": 2, "videonum": 13}, "sub03": {"maxacc1": 0.6043010752688172, "argmaxacc1": 1, "maxacc2": 5, "argmaxacc2": 1, "videonum": 7}, "sub04": {"maxacc1": 0.8847457627118644, "argmaxacc1": 9, "maxacc2": 5, "argmaxacc2": 1, "videonum": 5}, "sub05": {"maxacc1": 0.6043771043771043, "argmaxacc1": 6, "maxacc2": 14, "argmaxacc2": 6, "videonum": 19}, "sub06": {"maxacc1": 0.57421875, "argmaxacc1": 4, "maxacc2": 3, "argmaxacc2": 1, "videonum": 5}, "sub07": {"maxacc1": 0.41843971631205673, "argmaxacc1": 4, "maxacc2": 5, "argmaxacc2": 10, "videonum": 9}, "sub08": {"maxacc1": 0.30223880597014924, "argmaxacc1": 1, "maxacc2": 1, "argmaxacc2": 1, "videonum": 3}, "sub09": {"maxacc1": 0.6231481481481481, "argmaxacc1": 5, "maxacc2": 8, "argmaxacc2": 2, "videonum": 13}, "sub10": {"maxacc1": 0.7991313789359392, "argmaxacc1": 4, "maxacc2": 11, "argmaxacc2": 4, "videonum": 13}, "sub11": {"maxacc1": 0.7997347480106101, "argmaxacc1": 4, "maxacc2": 9, "argmaxacc2": 4, "videonum": 10}, "sub12": {"maxacc1": 0.6150583244962884, "argmaxacc1": 10, "maxacc2": 8, "argmaxacc2": 3, "videonum": 12}, "sub13": {"maxacc1": 0.7250554323725056, "argmaxacc1": 10, "maxacc2": 6, "argmaxacc2": 2, "videonum": 8}, "sub14": {"maxacc1": 0.718978102189781, "argmaxacc1": 2, "maxacc2": 4, "argmaxacc2": 2, "videonum": 4}, "sub15": {"maxacc1": 0.7439613526570048, "argmaxacc1": 10, "maxacc2": 3, "argmaxacc2": 3, "videonum": 3}, "sub16": {"maxacc1": 0.45396825396825397, "argmaxacc1": 2, "maxacc2": 2, "argmaxacc2": 2, "videonum": 4}, "sub17": {"maxacc1": 0.5281058101086443, "argmaxacc1": 7, "maxacc2": 21, "argmaxacc2": 1, "videonum": 34}, "sub18": {"maxacc1": 0.7872340425531915, "argmaxacc1": 10, "maxacc2": 3, "argmaxacc2": 10, "videonum": 3}, "sub19": {"maxacc1": 0.6613076098606645, "argmaxacc1": 7, "maxacc2": 13, "argmaxacc2": 6, "videonum": 15}, "sub20": {"maxacc1": 0.672386895475819, "argmaxacc1": 2, "maxacc2": 7, "argmaxacc2": 2, "videonum": 11}, "sub21": {"maxacc1": 0.36, "argmaxacc1": 6, "maxacc2": 1, "argmaxacc2": 2, "videonum": 2}, "sub22": {"maxacc1": 0.9601990049751243, "argmaxacc1": 5, "maxacc2": 2, "argmaxacc2": 1, "videonum": 2}, "sub23": {"maxacc1": 0.6192660550458715, "argmaxacc1": 8, "maxacc2": 9, "argmaxacc2": 8, "videonum": 12}, "sub24": {"maxacc1": 0.6533742331288344, "argmaxacc1": 4, "maxacc2": 6, "argmaxacc2": 4, "videonum": 7}, "sub25": {"maxacc1": 0.6224719101123596, "argmaxacc1": 7, "maxacc2": 6, "argmaxacc2": 7, "videonum": 7}, "sub26": {"maxacc1": 0.48847926267281105, "argmaxacc1": 4, "maxacc2": 8, "argmaxacc2": 1, "videonum": 16}}